<?xml version="1.0" encoding="UTF-8"?>
<metadata xml:lang="en"><Esri><CreaDate>20201020</CreaDate><CreaTime>17565900</CreaTime><ArcGISFormat>1.0</ArcGISFormat><SyncOnce>TRUE</SyncOnce><DataProperties><lineage><Process Name="Raster to ASCII (8)" ToolSource="c:\program files\arcgis\pro\Resources\ArcToolbox\toolboxes\Conversion Tools.tbx\RasterToASCII" Date="20201020" Time="175659">RasterToASCII "C:\Users\Jeffrey\Documents\Fire ABM validation\ValidationDataExplore\ValidationDataExplore.gdb\Aspect_DEM1" "C:\Users\Jeffrey\Documents\Fire ABM validation\Extract-a-fire Output\Validationagain_2012\Aspect.asc"</Process></lineage></DataProperties></Esri></metadata>
