<?xml version="1.0" encoding="UTF-8"?>
<metadata xml:lang="en"><Esri><CreaDate>20201020</CreaDate><CreaTime>17565600</CreaTime><ArcGISFormat>1.0</ArcGISFormat><SyncOnce>TRUE</SyncOnce><DataProperties><lineage><Process Name="Raster to ASCII (6)" ToolSource="c:\program files\arcgis\pro\Resources\ArcToolbox\toolboxes\Conversion Tools.tbx\RasterToASCII" Date="20201020" Time="175656">RasterToASCII "C:\Users\Jeffrey\Documents\Fire ABM validation\Extract-a-fire Output\Validationagain_2012\DEM.tif" "C:\Users\Jeffrey\Documents\Fire ABM validation\Extract-a-fire Output\Validationagain_2012\DEM.asc"</Process></lineage></DataProperties></Esri></metadata>
